{"cameraMode":{"drawMode":0,"name":"Shaded","section":"Shading Mode"},"sceneLighting":true,"audioPlay":false,"sceneViewState":{"showFog":true,"showMaterialUpdate":false,"showSkybox":true,"showFlares":true,"showImageEffects":true,"showParticleSystems":true},"in2DMode":false,"pivot":{"x":1.7699999809265137,"y":2.0900001525878908,"z":8.119999885559082},"rotation":{"x":-0.08167318254709244,"y":0.4523961544036865,"z":-0.04165145754814148,"w":-0.8870921730995178},"size":11.55034351348877,"orthographic":true}